{
  "timestamp": "2025-06-15T15:02:21.663010",
  "total_messages": 15,
  "successful": 15,
  "failed": 0,
  "success_rate": 100.0,
  "avg_response_time": 4.614536460240682,
  "final_test_passed": true
}